Time,Counts_Per_Minute
1632975096.1428008,0
1632975101.1480474,61
1632975106.1508524,118
1632975111.1561427,184
1632975116.1613975,261
1632975121.1666,325
1632975126.1718087,392
1632975131.1769862,454
1632975136.1821527,519
1632975141.1873813,581
1632975146.1877215,652
1632975151.1929827,723
