Time,Temperature,Humidity,Pressure,Altitude, Air_Quality
1630651439.0826418,23.567578125,39.696132595865265,1004.0367406236921,77.014204406358,7168,0,512
1630651441.0446117,23.5728515625,39.63145233776411,1004.0417061366888,76.97000824291567,7168,0,512
1630651442.2136939,23.5880859375,39.631561766280754,1004.040659226803,76.9621511701259,7168,0,512
1630651443.383554,23.5728515625,39.711303913627425,1004.029072843837,77.1565248767759,7168,0,512
1630651444.5517642,23.5830078125,39.53188146432486,1004.0370447786186,77.02648520679125,7168,0,512
